ID,Scenario,F1 (\%),Precision (\%),Recall (\%),TP,FP,FN
F1,FedAvg (GNN),24.30 ± 4.83,47.34 ± 16.06,18.82 ± 7.63,303.2 ± 122.9,518.2 ± 536.1,1307.8 ± 122.9
H1,FedAvg (no top-10),9.45 ± 4.42,45.40 ± 14.29,5.60 ± 3.16,90.2 ± 50.9,137.8 ± 123.1,1520.8 ± 50.9
H2,FedAvg (no top-1),20.86 ± 4.04,58.19 ± 15.02,13.02 ± 2.85,209.8 ± 45.9,181.0 ± 137.6,1401.2 ± 45.9
H3,FedAvg (no bottom-10),21.91 ± 5.72,39.79 ± 17.77,17.95 ± 7.18,289.2 ± 115.7,744.5 ± 829.4,1321.8 ± 115.7
H4,FedAvg (no bottom-5\%),9.64 ± 5.83,39.28 ± 14.36,5.68 ± 3.54,91.5 ± 57.0,153.5 ± 104.6,1519.5 ± 57.0
H5,"FedAvg (loss [1,1])",15.27 ± 8.78,63.70 ± 21.55,10.30 ± 6.87,166.0 ± 110.7,226.8 ± 301.1,1445.0 ± 110.7
H6,"FedAvg (loss [1,980])",6.13 ± 0.39,3.19 ± 0.21,80.20 ± 3.06,1292.0 ± 49.3,39501.2 ± 3684.8,319.0 ± 49.3
H7,"FedAvg (loss [1,50])",10.78 ± 1.13,8.61 ± 3.69,30.26 ± 17.29,487.5 ± 278.6,7054.8 ± 4868.3,1123.5 ± 278.6
H8,FedAvg (normalize currency),10.65 ± 4.22,44.05 ± 6.63,6.27 ± 2.76,101.0 ± 44.5,140.5 ± 80.7,1510.0 ± 44.5
